--liquibase formatted sql

--changeset initial:2.1
INSERT INTO sispj_profile(id, code, name)
     VALUES (1, 'ADMIN', 'Administrador'),
            (2, 'USER', 'Usuário');

INSERT INTO sispj_user(id, name, email, "password", changePassword, profile_id, "version")
     VALUES (1, 'Admin', 'admin', '$2a$10$cnBIifZGngBsCkhVd0gXcO1rUL4tmF4n3ypL3j2XC7e1pWpp1jpz2', false, 1, 0),
            (2, 'User', 'user', '$2a$10$cnBIifZGngBsCkhVd0gXcO1rUL4tmF4n3ypL3j2XC7e1pWpp1jpz2', false, 2, 0);

--changeset initial:2.2
INSERT INTO marital_status ("name", "version", create_by, create_date, update_by, update_date)
    VALUES('Solteiro(a)', 0, 1, now(), 1, now()),
          ('Casado(a)', 0, 1, now(), 1, now()),
          ('Divorciado(a)', 0, 1, now(), 1, now()),
          ('Viúvo(a)', 0, 1, now(), 1, now()),
          ('Separado(a)', 0, 1, now(), 1, now());

--changesinitial:2.3
INSERT INTO process_type ("id", "name", "price", "version", create_by, create_date, update_by, update_date)
     VALUES (  1, 'NIF',              100.00, 0, 1, now(), 1, now()),
            (  2, 'Atividade',        100.00, 0, 1, now(), 1, now()),
            (  3, 'NISS - Atividade', 100.00, 0, 1, now(), 1, now()),
            (  4, 'NISS - Contrato',  100.00, 0, 1, now(), 1, now()),
            (  5, 'Legalização ',     100.00, 0, 1, now(), 1, now()),
            (  6, 'Passar residente', 100.00, 0, 1, now(), 1, now()),
            (  7, 'Abono',            100.00, 0, 1, now(), 1, now()),
            (  8, 'Utente',           100.00, 0, 1, now(), 1, now()),
            (  9, 'Parentalidade',    100.00, 0, 1, now(), 1, now()),
            ( 10, 'Pré-natal',        100.00, 0, 1, now(), 1, now())
            ;

INSERT INTO document_type ("id", "name", "version", create_by, create_date, update_by, update_date)
     VALUES (  1, 'Passaporte Certificado',                      0, 1, now(), 1, now()),
            (  2, 'Procuração',                                  0, 1, now(), 1, now()),
            (  3, 'Morada do país de origem',                    0, 1, now(), 1, now()),
            (  4, 'NIF',                                         0, 1, now(), 1, now()),
            (  5, 'IBAN ',                                       0, 1, now(), 1, now()),
            (  6, 'Senha Portal Finanças',                       0, 1, now(), 1, now()),
            (  7, 'Atividade',                                   0, 1, now(), 1, now()),
            (  8, 'Formulário 1000',                             0, 1, now(), 1, now()),
            (  9, 'Formulário 1006',                             0, 1, now(), 1, now()),
            ( 10, 'Senha Segurança Social Direta',               0, 1, now(), 1, now()),
            ( 11, 'Contrato',                                    0, 1, now(), 1, now()),
            ( 12, 'Cartão cidadão do empregador',                0, 1, now(), 1, now()),
            ( 13, 'Formulário 1009 - Carimbo/Assinatura',        0, 1, now(), 1, now()),
            ( 14, 'Nome dos pais',                               0, 1, now(), 1, now()),
            ( 15, 'NISS',                                        0, 1, now(), 1, now()),
            ( 16, 'Entrada Legal',                               0, 1, now(), 1, now()),
            ( 17, 'Registro Criminal',                           0, 1, now(), 1, now()),
            ( 18, 'Últimos recibos / demonstrativo de ordenado', 0, 1, now(), 1, now()),
            ( 19, 'Comprovativo de morada',                      0, 1, now(), 1, now()),
            ( 20, 'Estado Civil',                                0, 1, now(), 1, now()),
            ( 21, 'Cartão Cidadão / Título Certificado',         0, 1, now(), 1, now()),
            ( 22, 'Passaporte criança',                          0, 1, now(), 1, now()),
            ( 23, 'Formulário 1017',                             0, 1, now(), 1, now()),
            ( 24, 'Formulário 5045',                             0, 1, now(), 1, now()),
            ( 25, 'Formulário GF-54',                            0, 1, now(), 1, now()),
            ( 26, 'Manifestação QRcode',                         0, 1, now(), 1, now()),
            ( 27, 'Formulário 5049',                             0, 1, now(), 1, now()),
            ( 28, 'Documento atestado de gravidez - médico',     0, 1, now(), 1, now())
            ;

INSERT INTO process_type_document_type (process_type_id, document_type_id)
     VALUES (  1,  1 ),
            (  1,  2 ),
            (  1,  3 ),
            (  2,  1 ),
            (  2,  2 ),
            (  2,  4 ),
            (  2,  5 ),
            (  3,  1 ),
            (  3,  2 ),
            (  3,  7 ),
            (  3,  8 ),
            (  3,  9 ),
            (  3, 10 ),
            (  4,  1 ),
            (  4,  2 ),
            (  4, 11 ),
            (  4, 12 ),
            (  4, 13 ),
            (  4,  9 ),
            (  4, 14 ),
            (  4, 10 ),
            (  5,  1 ),
            (  5,  2 ),
            (  5, 15 ),
            (  5,  4 ),
            (  5,  7 ),
            (  5, 11 ),
            (  5, 16 ),
            (  5, 17 ),
            (  5, 18 ),
            (  5, 19 ),
            (  5, 20 ),
            (  6,  1 ),
            (  6,  2 ),
            (  6, 19 ),
            (  7, 21 ),
            (  7, 22 ),
            (  7,  2 ),
            (  7, 23 ),
            (  7,  9 ),
            (  7, 24 ),
            (  7, 25 ),
            (  8,  1 ),
            (  8, 26 ),
            (  8, 15 ),
            (  8,  4 ),
            (  8, 19 ),
            (  9, 21 ),
            (  9,  2 ),
            (  9, 27 ),
            (  9,  9 ),
            (  9, 23 ),
            (  9,  5 ),
            (  9, 14 ),
            ( 10, 21 ),
            ( 10,  2 ),
            ( 10,  9 ),
            ( 10, 24 ),
            ( 10, 28 )
            ;

INSERT INTO process_step_type ("id", "name", "version", create_by, create_date, update_by, update_date)
     VALUES (  1, 'Documentos Conferidos',                         0, 1, now(), 1, now()),
            (  2, 'Certificar Passaporte',                         0, 1, now(), 1, now()),
            (  3, 'Digitalizar',                                   0, 1, now(), 1, now()),
            (  4, 'Submeter pelo e-balcão/e-email',                0, 1, now(), 1, now()),
            (  5, 'Escrever local/pasta onde arquivou',            0, 1, now(), 1, now()),
            (  6, 'Preencher Formulário IRIVADI ou Portal Direto', 0, 1, now(), 1, now()),
            (  7, 'Preencher Formulário 1000',                     0, 1, now(), 1, now()),
            (  8, 'Preencher Formulário 1006',                     0, 1, now(), 1, now()),
            (  9, 'Submeter e-mail ou envio presencial',           0, 1, now(), 1, now()),
            ( 10, 'Preencher Formulário 1009',                     0, 1, now(), 1, now()),
            ( 11, 'Criar e-mail SAPA',                             0, 1, now(), 1, now()),
            ( 12, 'Cadastro no SEF',                               0, 1, now(), 1, now()),
            ( 13, 'Submeter documentos',                           0, 1, now(), 1, now())
            ;

INSERT INTO process_type_process_step_type (process_type_id, process_step_type_id, order_number)
     VALUES (  1,  1,  1 ),
            (  1,  2,  2 ),
            (  1,  3,  3 ),
            (  1,  4,  4 ),
            (  1,  5,  5 ),
            (  2,  1,  1 ),
            (  2,  2,  2 ),
            (  2,  6,  3 ),
            (  2,  4,  4 ),
            (  2,  5,  5 ),
            (  3,  1,  1 ),
            (  3,  2,  2 ),
            (  3,  7,  3 ),
            (  3,  8,  4 ),
            (  3,  9,  5 ),
            (  3,  5,  6 ),
            (  4,  1,  1 ),
            (  4,  2,  2 ),
            (  4, 10,  3 ),
            (  4,  8,  4 ),
            (  4,  9,  5 ),
            (  4,  5,  6 ),
            (  5,  1,  1 ),
            (  5, 11,  2 ),
            (  5, 12,  3 ),
            (  5, 13,  4 ),
            (  6,  1,  1 ),
            (  7,  1,  1 ),
            (  8,  1,  1 ),
            (  9,  1,  1 ),
            ( 10,  1,  1 )
            ;

--changeset initial:2.4
INSERT INTO country ("code", "name", "version", create_by, create_date, update_by, update_date)
     VALUES ( 'AD', 'Andorra', 0, 1, now(), 1, now()),
            ( 'AE', 'Emiratos Árabes Unidos', 0, 1, now(), 1, now()),
            ( 'AF', 'Afeganistão', 0, 1, now(), 1, now()),
            ( 'AG', 'Antígua e Barbuda', 0, 1, now(), 1, now()),
            ( 'AI', 'Anguila', 0, 1, now(), 1, now()),
            ( 'AL', 'Albânia', 0, 1, now(), 1, now()),
            ( 'AM', 'Arménia', 0, 1, now(), 1, now()),
            ( 'AN', 'Antilhas Holandesas', 0, 1, now(), 1, now()),
            ( 'AO', 'Angola', 0, 1, now(), 1, now()),
            ( 'AQ', 'Antárctica', 0, 1, now(), 1, now()),
            ( 'AR', 'Argentina', 0, 1, now(), 1, now()),
            ( 'AS', 'Samoa Americana', 0, 1, now(), 1, now()),
            ( 'AT', 'Áustria', 0, 1, now(), 1, now()),
            ( 'AU', 'Austrália', 0, 1, now(), 1, now()),
            ( 'AW', 'Aruba', 0, 1, now(), 1, now()),
            ( 'AX', 'Ilhas Åland', 0, 1, now(), 1, now()),
            ( 'AZ', 'Azerbaijão', 0, 1, now(), 1, now()),
            ( 'BA', 'Bósnia-Herzegovina', 0, 1, now(), 1, now()),
            ( 'BB', 'Barbados', 0, 1, now(), 1, now()),
            ( 'BD', 'Bangladesh', 0, 1, now(), 1, now()),
            ( 'BE', 'Bélgica', 0, 1, now(), 1, now()),
            ( 'BF', 'Burkina-Faso', 0, 1, now(), 1, now()),
            ( 'BG', 'Bulgária', 0, 1, now(), 1, now()),
            ( 'BH', 'Bahrein', 0, 1, now(), 1, now()),
            ( 'BI', 'Burundi', 0, 1, now(), 1, now()),
            ( 'BJ', 'Benim', 0, 1, now(), 1, now()),
            ( 'BL', 'São Bartolomeu', 0, 1, now(), 1, now()),
            ( 'BM', 'Bermudas', 0, 1, now(), 1, now()),
            ( 'BN', 'Brunei', 0, 1, now(), 1, now()),
            ( 'BO', 'Bolívia', 0, 1, now(), 1, now()),
            ( 'BQ', 'Bonaire, Sint Eustatius and Saba', 0, 1, now(), 1, now()),
            ( 'BR', 'Brasil', 0, 1, now(), 1, now()),
            ( 'BS', 'Bahamas', 0, 1, now(), 1, now()),
            ( 'BT', 'Butão', 0, 1, now(), 1, now()),
            ( 'BV', 'Ilha Bouvet', 0, 1, now(), 1, now()),
            ( 'BW', 'Botswana', 0, 1, now(), 1, now()),
            ( 'BY', 'Bielorrússia', 0, 1, now(), 1, now()),
            ( 'BZ', 'Belize', 0, 1, now(), 1, now()),
            ( 'CA', 'Canadá', 0, 1, now(), 1, now()),
            ( 'CC', 'Ilhas Cocos', 0, 1, now(), 1, now()),
            ( 'CD', 'Congo-Kinshasa', 0, 1, now(), 1, now()),
            ( 'CF', 'República Centro-Africana', 0, 1, now(), 1, now()),
            ( 'CG', 'Congo-Brazzaville', 0, 1, now(), 1, now()),
            ( 'CH', 'Suíça', 0, 1, now(), 1, now()),
            ( 'CI', 'Costa do Marfim', 0, 1, now(), 1, now()),
            ( 'CK', 'Ilhas Cook', 0, 1, now(), 1, now()),
            ( 'CL', 'Chile', 0, 1, now(), 1, now()),
            ( 'CM', 'Camarões', 0, 1, now(), 1, now()),
            ( 'CN', 'China', 0, 1, now(), 1, now()),
            ( 'CO', 'Colômbia', 0, 1, now(), 1, now()),
            ( 'CR', 'Costa Rica', 0, 1, now(), 1, now()),
            ( 'CU', 'Cuba', 0, 1, now(), 1, now()),
            ( 'CV', 'Cabo Verde', 0, 1, now(), 1, now()),
            ( 'CW', 'Curaçao', 0, 1, now(), 1, now()),
            ( 'CX', 'Ilha do Natal', 0, 1, now(), 1, now()),
            ( 'CY', 'Chipre', 0, 1, now(), 1, now()),
            ( 'CZ', 'República Checa', 0, 1, now(), 1, now()),
            ( 'DE', 'Alemanha', 0, 1, now(), 1, now()),
            ( 'DJ', 'Djibuti', 0, 1, now(), 1, now()),
            ( 'DK', 'Dinamarca', 0, 1, now(), 1, now()),
            ( 'DM', 'Dominica', 0, 1, now(), 1, now()),
            ( 'DO', 'República Dominicana', 0, 1, now(), 1, now()),
            ( 'DZ', 'Argélia', 0, 1, now(), 1, now()),
            ( 'EC', 'Equador', 0, 1, now(), 1, now()),
            ( 'EE', 'Estónia', 0, 1, now(), 1, now()),
            ( 'EG', 'Egipto', 0, 1, now(), 1, now()),
            ( 'EH', 'Sara Ocidental', 0, 1, now(), 1, now()),
            ( 'ER', 'Eritreia', 0, 1, now(), 1, now()),
            ( 'ES', 'Espanha', 0, 1, now(), 1, now()),
            ( 'ET', 'Etiópia', 0, 1, now(), 1, now()),
            ( 'FI', 'Finlândia', 0, 1, now(), 1, now()),
            ( 'FJ', 'Fiji', 0, 1, now(), 1, now()),
            ( 'FK', 'Ilhas Falkland', 0, 1, now(), 1, now()),
            ( 'FM', 'Estados Federados da Micronésia', 0, 1, now(), 1, now()),
            ( 'FO', 'Ilhas Faroé', 0, 1, now(), 1, now()),
            ( 'FR', 'França', 0, 1, now(), 1, now()),
            ( 'GA', 'Gabão', 0, 1, now(), 1, now()),
            ( 'GB', 'Reino Unido', 0, 1, now(), 1, now()),
            ( 'GD', 'Granada', 0, 1, now(), 1, now()),
            ( 'GE', 'Geórgia', 0, 1, now(), 1, now()),
            ( 'GF', 'Guiana Francesa', 0, 1, now(), 1, now()),
            ( 'GG', 'Guernsey', 0, 1, now(), 1, now()),
            ( 'GH', 'Gana', 0, 1, now(), 1, now()),
            ( 'GI', 'Gibraltar', 0, 1, now(), 1, now()),
            ( 'GL', 'Gronelândia', 0, 1, now(), 1, now()),
            ( 'GM', 'Gâmbia', 0, 1, now(), 1, now()),
            ( 'GN', 'Guiné', 0, 1, now(), 1, now()),
            ( 'GP', 'Guadalupe', 0, 1, now(), 1, now()),
            ( 'GQ', 'Guiné Equatorial', 0, 1, now(), 1, now()),
            ( 'GR', 'Grécia', 0, 1, now(), 1, now()),
            ( 'GS', 'Geórgia do Sul e Ilhas Sandwich do Sul', 0, 1, now(), 1, now()),
            ( 'GT', 'Guatemala', 0, 1, now(), 1, now()),
            ( 'GU', 'Guam', 0, 1, now(), 1, now()),
            ( 'GW', 'Guiné-Bissau', 0, 1, now(), 1, now()),
            ( 'GY', 'Guiana', 0, 1, now(), 1, now()),
            ( 'HK', 'Região Administrativa Especial de Hong Kong', 0, 1, now(), 1, now()),
            ( 'HM', 'Ilha Heard e Ilhas McDonald', 0, 1, now(), 1, now()),
            ( 'HN', 'Honduras', 0, 1, now(), 1, now()),
            ( 'HR', 'Croácia', 0, 1, now(), 1, now()),
            ( 'HT', 'Haiti', 0, 1, now(), 1, now()),
            ( 'HU', 'Hungria', 0, 1, now(), 1, now()),
            ( 'ID', 'Indonésia', 0, 1, now(), 1, now()),
            ( 'IE', 'Irlanda', 0, 1, now(), 1, now()),
            ( 'IL', 'Israel', 0, 1, now(), 1, now()),
            ( 'IM', 'Ilha de Man', 0, 1, now(), 1, now()),
            ( 'IN', 'Índia', 0, 1, now(), 1, now()),
            ( 'IO', 'Território Britânico do Oceano Índico', 0, 1, now(), 1, now()),
            ( 'IQ', 'Iraque', 0, 1, now(), 1, now()),
            ( 'IR', 'Irão', 0, 1, now(), 1, now()),
            ( 'IS', 'Islândia', 0, 1, now(), 1, now()),
            ( 'IT', 'Itália', 0, 1, now(), 1, now()),
            ( 'JE', 'Jersey', 0, 1, now(), 1, now()),
            ( 'JM', 'Jamaica', 0, 1, now(), 1, now()),
            ( 'JO', 'Jordânia', 0, 1, now(), 1, now()),
            ( 'JP', 'Japão', 0, 1, now(), 1, now()),
            ( 'KE', 'Quénia', 0, 1, now(), 1, now()),
            ( 'KG', 'Quirguizistão', 0, 1, now(), 1, now()),
            ( 'KH', 'Camboja', 0, 1, now(), 1, now()),
            ( 'KI', 'Quiribati', 0, 1, now(), 1, now()),
            ( 'KM', 'Comores', 0, 1, now(), 1, now()),
            ( 'KN', 'Saint Kitts e Nevis', 0, 1, now(), 1, now()),
            ( 'KP', 'Coreia do Norte', 0, 1, now(), 1, now()),
            ( 'KR', 'Coreia do Sul', 0, 1, now(), 1, now()),
            ( 'KW', 'Kuwait', 0, 1, now(), 1, now()),
            ( 'KY', 'Ilhas Caimão', 0, 1, now(), 1, now()),
            ( 'KZ', 'Cazaquistão', 0, 1, now(), 1, now()),
            ( 'LA', 'Laos, República Popular Democrática do', 0, 1, now(), 1, now()),
            ( 'LB', 'Líbano', 0, 1, now(), 1, now()),
            ( 'LC', 'Santa Lúcia', 0, 1, now(), 1, now()),
            ( 'LI', 'Liechtenstein', 0, 1, now(), 1, now()),
            ( 'LK', 'Sri Lanka', 0, 1, now(), 1, now()),
            ( 'LR', 'Libéria', 0, 1, now(), 1, now()),
            ( 'LS', 'Lesoto', 0, 1, now(), 1, now()),
            ( 'LT', 'Lituânia', 0, 1, now(), 1, now()),
            ( 'LU', 'Luxemburgo', 0, 1, now(), 1, now()),
            ( 'LV', 'Letónia', 0, 1, now(), 1, now()),
            ( 'LY', 'Líbia', 0, 1, now(), 1, now()),
            ( 'MA', 'Marrocos', 0, 1, now(), 1, now()),
            ( 'MC', 'Mónaco', 0, 1, now(), 1, now()),
            ( 'MD', 'Moldávia, República da', 0, 1, now(), 1, now()),
            ( 'ME', 'Montenegro', 0, 1, now(), 1, now()),
            ( 'MF', 'São Martinho', 0, 1, now(), 1, now()),
            ( 'MG', 'Madagáscar', 0, 1, now(), 1, now()),
            ( 'MH', 'Ilhas Marshall', 0, 1, now(), 1, now()),
            ( 'MK', 'Macedónia', 0, 1, now(), 1, now()),
            ( 'ML', 'Mali', 0, 1, now(), 1, now()),
            ( 'MM', 'Mianmar', 0, 1, now(), 1, now()),
            ( 'MN', 'Mongólia', 0, 1, now(), 1, now()),
            ( 'MO', 'Região Administrativa Especial de Macau', 0, 1, now(), 1, now()),
            ( 'MP', 'Ilhas Mariana do Norte', 0, 1, now(), 1, now()),
            ( 'MQ', 'Martinica', 0, 1, now(), 1, now()),
            ( 'MR', 'Mauritânia', 0, 1, now(), 1, now()),
            ( 'MS', 'Monserrate', 0, 1, now(), 1, now()),
            ( 'MT', 'Malta', 0, 1, now(), 1, now()),
            ( 'MU', 'Maurícias', 0, 1, now(), 1, now()),
            ( 'MV', 'Maldivas', 0, 1, now(), 1, now()),
            ( 'MW', 'Malawi', 0, 1, now(), 1, now()),
            ( 'MX', 'México', 0, 1, now(), 1, now()),
            ( 'MY', 'Malásia', 0, 1, now(), 1, now()),
            ( 'MZ', 'Moçambique', 0, 1, now(), 1, now()),
            ( 'NA', 'Namíbia', 0, 1, now(), 1, now()),
            ( 'NC', 'Nova Caledónia', 0, 1, now(), 1, now()),
            ( 'NE', 'Níger', 0, 1, now(), 1, now()),
            ( 'NF', 'Ilha Norfolk', 0, 1, now(), 1, now()),
            ( 'NG', 'Nigéria', 0, 1, now(), 1, now()),
            ( 'NI', 'Nicarágua', 0, 1, now(), 1, now()),
            ( 'NL', 'Países Baixos', 0, 1, now(), 1, now()),
            ( 'NO', 'Noruega', 0, 1, now(), 1, now()),
            ( 'NP', 'Nepal', 0, 1, now(), 1, now()),
            ( 'NR', 'Nauru', 0, 1, now(), 1, now()),
            ( 'NU', 'Niue', 0, 1, now(), 1, now()),
            ( 'NZ', 'Nova Zelândia', 0, 1, now(), 1, now()),
            ( 'OM', 'Omã', 0, 1, now(), 1, now()),
            ( 'PA', 'Panamá', 0, 1, now(), 1, now()),
            ( 'PE', 'Peru', 0, 1, now(), 1, now()),
            ( 'PF', 'Polinésia Francesa', 0, 1, now(), 1, now()),
            ( 'PG', 'Papuásia-Nova Guiné', 0, 1, now(), 1, now()),
            ( 'PH', 'Filipinas', 0, 1, now(), 1, now()),
            ( 'PK', 'Paquistão', 0, 1, now(), 1, now()),
            ( 'PL', 'Polónia', 0, 1, now(), 1, now()),
            ( 'PM', 'Saint Pierre e Miquelon', 0, 1, now(), 1, now()),
            ( 'PN', 'Pitcairn', 0, 1, now(), 1, now()),
            ( 'PR', 'Porto Rico', 0, 1, now(), 1, now()),
            ( 'PS', 'Território Palestiniano', 0, 1, now(), 1, now()),
            ( 'PT', 'Portugal', 0, 1, now(), 1, now()),
            ( 'PW', 'Palau', 0, 1, now(), 1, now()),
            ( 'PY', 'Paraguai', 0, 1, now(), 1, now()),
            ( 'QA', 'Qatar', 0, 1, now(), 1, now()),
            ( 'RE', 'Reunião', 0, 1, now(), 1, now()),
            ( 'RO', 'Roménia', 0, 1, now(), 1, now()),
            ( 'RS', 'Sérvia', 0, 1, now(), 1, now()),
            ( 'RU', 'Rússia', 0, 1, now(), 1, now()),
            ( 'RW', 'Ruanda', 0, 1, now(), 1, now()),
            ( 'SA', 'Arábia Saudita', 0, 1, now(), 1, now()),
            ( 'SB', 'Ilhas Salomão', 0, 1, now(), 1, now()),
            ( 'SC', 'Seicheles', 0, 1, now(), 1, now()),
            ( 'SD', 'Sudão', 0, 1, now(), 1, now()),
            ( 'SE', 'Suécia', 0, 1, now(), 1, now()),
            ( 'SG', 'Singapura', 0, 1, now(), 1, now()),
            ( 'SH', 'Santa Helena', 0, 1, now(), 1, now()),
            ( 'SI', 'Eslovénia', 0, 1, now(), 1, now()),
            ( 'SJ', 'Svalbard e Jan Mayen', 0, 1, now(), 1, now()),
            ( 'SK', 'Eslováquia', 0, 1, now(), 1, now()),
            ( 'SL', 'Serra Leoa', 0, 1, now(), 1, now()),
            ( 'SM', 'São Marino', 0, 1, now(), 1, now()),
            ( 'SN', 'Senegal', 0, 1, now(), 1, now()),
            ( 'SO', 'Somália', 0, 1, now(), 1, now()),
            ( 'SR', 'Suriname', 0, 1, now(), 1, now()),
            ( 'SS', 'South Sudan', 0, 1, now(), 1, now()),
            ( 'ST', 'São Tomé e Príncipe', 0, 1, now(), 1, now()),
            ( 'SV', 'El Salvador', 0, 1, now(), 1, now()),
            ( 'SX', 'Sint Maarten (Dutch part)', 0, 1, now(), 1, now()),
            ( 'SY', 'Síria', 0, 1, now(), 1, now()),
            ( 'SZ', 'Suazilândia', 0, 1, now(), 1, now()),
            ( 'TC', 'Ilhas Turcas e Caicos', 0, 1, now(), 1, now()),
            ( 'TD', 'Chade', 0, 1, now(), 1, now()),
            ( 'TF', 'Territórios Franceses do Sul', 0, 1, now(), 1, now()),
            ( 'TG', 'Togo', 0, 1, now(), 1, now()),
            ( 'TH', 'Tailândia', 0, 1, now(), 1, now()),
            ( 'TJ', 'Tajiquistão', 0, 1, now(), 1, now()),
            ( 'TK', 'Tokelau', 0, 1, now(), 1, now()),
            ( 'TL', 'Timor-Leste', 0, 1, now(), 1, now()),
            ( 'TM', 'Turquemenistão', 0, 1, now(), 1, now()),
            ( 'TN', 'Tunísia', 0, 1, now(), 1, now()),
            ( 'TO', 'Tonga', 0, 1, now(), 1, now()),
            ( 'TR', 'Turquia', 0, 1, now(), 1, now()),
            ( 'TT', 'Trindade e Tobago', 0, 1, now(), 1, now()),
            ( 'TV', 'Tuvalu', 0, 1, now(), 1, now()),
            ( 'TW', 'Taiwan', 0, 1, now(), 1, now()),
            ( 'TZ', 'Tanzânia', 0, 1, now(), 1, now()),
            ( 'UA', 'Ucrânia', 0, 1, now(), 1, now()),
            ( 'UG', 'Uganda', 0, 1, now(), 1, now()),
            ( 'UM', 'Ilhas Menores Distantes dos Estados Unidos', 0, 1, now(), 1, now()),
            ( 'US', 'Estados Unidos', 0, 1, now(), 1, now()),
            ( 'UY', 'Uruguai', 0, 1, now(), 1, now()),
            ( 'UZ', 'Usbequistão', 0, 1, now(), 1, now()),
            ( 'VA', 'Vaticano', 0, 1, now(), 1, now()),
            ( 'VC', 'São Vicente e Granadinas', 0, 1, now(), 1, now()),
            ( 'VE', 'Venezuela', 0, 1, now(), 1, now()),
            ( 'VG', 'Ilhas Virgens Britânicas', 0, 1, now(), 1, now()),
            ( 'VI', 'Ilhas Virgens E.U.A.', 0, 1, now(), 1, now()),
            ( 'VN', 'Vietname', 0, 1, now(), 1, now()),
            ( 'VU', 'Vanuatu', 0, 1, now(), 1, now()),
            ( 'WF', 'Wallis e Futuna', 0, 1, now(), 1, now()),
            ( 'WS', 'Samoa', 0, 1, now(), 1, now()),
            ( 'YE', 'Iémen', 0, 1, now(), 1, now()),
            ( 'YT', 'Mayotte', 0, 1, now(), 1, now()),
            ( 'ZA', 'África do Sul', 0, 1, now(), 1, now()),
            ( 'ZM', 'Zâmbia', 0, 1, now(), 1, now()),
            ( 'ZW', 'Zimbabwe', 0, 1, now(), 1, now())
        ;

--changeset initial:2.5
INSERT INTO marital_status ("name", "version", create_by, create_date, update_by, update_date)
    VALUES('N/A', 0, 1, now(), 1, now());

--changeset initial:2.6
INSERT INTO country ("code", "name", "version", create_by, create_date, update_by, update_date)
     VALUES ( 'N/A', 'N/A', 0, 1, now(), 1, now())